Number,Second,Microsecond
1,7,489883
2,7,514471
3,7,530475
4,7,545804
5,7,561225
6,7,577084
7,7,592857
8,7,608588
9,7,623831
10,7,639301
11,7,654721
12,7,670381
13,7,686259
14,7,700643
15,7,716658
16,7,732707
17,7,747866
18,7,763544
19,7,779328
20,7,794991
21,7,810645
22,7,825869
23,7,841867
24,7,856978
25,7,872710
26,7,888309
27,7,903972
28,7,919194
29,7,934194
30,7,949243
31,7,964414
32,7,979698
33,7,994940
34,8,10350
35,8,25797
36,8,41278
37,8,57260
38,8,72718
39,8,88190
40,8,103940
41,8,119398
42,8,134690
43,8,150034
44,8,165282
45,8,180718
46,8,196689
47,8,212738
48,8,227946
49,8,243251
50,8,258645
51,8,273899
52,8,294116
53,8,305120
54,8,320559
55,8,335977
56,8,351989
57,8,367731
58,8,382960
59,8,398415
60,8,413665
61,8,428994
62,8,444859
63,8,460213
64,8,475342
65,8,491322
66,8,506923
67,8,522418
68,8,538137
69,8,553280
70,8,568653
71,8,583814
72,8,599758
73,8,615237
74,8,631502
75,8,647320
76,8,662644
77,8,678695
78,8,693909
79,8,709842
80,8,725200
81,8,740752
82,8,757029
83,8,772198
84,8,788317
85,8,804533
86,8,823681
87,8,835983
88,8,851255
89,8,866615
90,8,882662
91,8,898874
92,8,914613
93,8,929928
94,8,945233
95,8,960620
96,8,976353
97,8,991663
98,9,6862
99,9,23091
100,9,38495
101,9,53647
102,9,68863
103,9,84535
104,9,99879
105,9,115193
106,9,130560
107,9,145909
108,9,161806
109,9,178071
110,9,193415
111,9,209106
112,9,224359
113,9,239571
114,9,255609
115,9,270767
116,9,285841
117,9,301207
118,9,317241
119,9,333445
120,9,349159
121,9,364746
122,9,380997
123,9,397095
124,9,413218
125,9,429303
126,9,444533
127,9,460524
128,9,475921
129,9,490439
130,9,505867
131,9,521724
132,9,536988
133,9,552129
134,9,567453
135,9,582766
136,9,598027
137,9,613151
138,9,629339
139,9,644883
140,9,660923
141,9,676257
142,9,692429
143,9,708201
144,9,723381
145,9,739601
146,9,754506
147,9,769698
148,9,785941
149,9,801503
150,9,817451
151,9,833707
152,9,849961
153,9,865923
154,9,882170
155,9,898420
156,9,913591
157,9,928824
158,9,944071
159,9,959345
160,9,975347
161,9,990813
162,10,6194
163,10,21965
164,10,37201
165,10,51877
166,10,68156
167,10,83508
168,10,98639
169,10,114651
170,10,130278
171,10,146072
172,10,161097
173,10,177307
174,10,193511
175,10,208946
176,10,224415
177,10,239781
178,10,255561
179,10,271075
180,10,287140
181,10,303404
182,10,318767
183,10,335008
184,10,351215
185,10,366705
186,10,382029
187,10,397716
188,10,412745
189,10,428692
190,10,444680
191,10,460318
192,10,476380
193,10,491489
194,10,507373
195,10,523066
196,10,539108
197,10,554425
198,10,569574
199,10,584767
200,10,599915
201,10,616234
202,10,632011
203,10,648207
204,10,664376
205,10,680323
206,10,696596
207,10,712601
208,10,727981
209,10,743298
210,10,759065
211,10,773966
212,10,789239
213,10,805560
214,10,821150
215,10,837358
216,10,853575
217,10,869785
218,10,886027
219,10,902276
220,10,917451
221,10,933063
222,10,948371
223,10,963814
224,10,979121
225,10,995275
226,11,11174
227,11,26467
228,11,41824
229,11,57888
230,11,73376
231,11,88710
232,11,103842
233,11,119343
234,11,135500
235,11,150881
236,11,166930
237,11,183021
238,11,198312
239,11,214274
240,11,229511
241,11,245683
242,11,261806
243,11,278045
244,11,293196
245,11,309469
246,11,324839
247,11,341114
248,11,357335
249,11,373381
250,11,389617
251,11,405834
252,11,420853
253,11,436074
254,11,452322
255,11,468112
256,11,483386
257,11,499292
258,11,515191
259,11,530550
260,11,545734
261,11,561436
262,11,576755
263,11,592099
264,11,608257
265,11,624303
266,11,639505
267,11,654729
268,11,670355
269,11,686291
270,11,701648
271,11,717838
272,11,733865
273,11,749619
274,11,764938
275,11,780275
276,11,795772
277,11,812004
278,11,828125
279,11,843692
280,11,859022
281,11,874184
282,11,890446
283,11,905655
284,11,921429
285,11,937815
286,11,953718
287,11,969787
288,11,985404
289,12,1160
290,12,16939
291,12,32802
292,12,49052
293,12,64678
294,12,79877
295,12,96206
296,12,112431
297,12,127542
298,12,143470
299,12,158726
300,12,173434
